-- PSQL DB_BINDI
-- \i <path_to_populateDatabase.sql>
---------------------------
-- Populating TAB_COLLEGES
---------------------------
INSERT INTO TAB_COLLEGES (COLLEGE_NAME, COLLEGE_SHORT) VALUES ('College of Arts & Social Sciences', 'CASS');
INSERT INTO TAB_COLLEGES (COLLEGE_NAME, COLLEGE_SHORT) VALUES ('College of Asia & the Pacific', 'CAP');
INSERT INTO TAB_COLLEGES (COLLEGE_NAME, COLLEGE_SHORT) VALUES ('College of Business & Economics', 'CBE');
INSERT INTO TAB_COLLEGES (COLLEGE_NAME, COLLEGE_SHORT) VALUES ('College of Engineering & Computer Science', 'CECS');
INSERT INTO TAB_COLLEGES (COLLEGE_NAME, COLLEGE_SHORT) VALUES ('College of Health & Medicine', 'CHM');
INSERT INTO TAB_COLLEGES (COLLEGE_NAME, COLLEGE_SHORT) VALUES ('College of Law', 'CL');
INSERT INTO TAB_COLLEGES (COLLEGE_NAME, COLLEGE_SHORT) VALUES ('College of Science', 'CS');


---------------------------
-- Populating TAB_PROGRAMS
---------------------------
INSERT INTO TAB_PROGRAMS (PROG_CODE, PROG_TITLE, PROG_LENGTH, PROG_CAREER, PROG_DELIVERY, PROG_MIN_UNITS, PROG_CONVENOR, PROG_CONVENOR_EMAIL) VALUES ('BIT', 'Bachelor of Information Technology', 3.0, 0, 0, 144, 'Tom Gedeon', 'tom@cs.anu.edu.au');
INSERT INTO TAB_PROGRAMS (PROG_CODE, PROG_TITLE, PROG_LENGTH, PROG_CAREER, PROG_DELIVERY, PROG_MIN_UNITS, PROG_CONVENOR, PROG_CONVENOR_EMAIL) VALUES ('MCOMP', 'Master of Computing', 2.0, 0, 0, 96, 'Lynette Johns-Boast', 'lynette.johns-boast@anu.edu.au');
INSERT INTO TAB_PROGRAMS (PROG_CODE, PROG_TITLE, PROG_LENGTH, PROG_CAREER, PROG_DELIVERY, PROG_MIN_UNITS, PROG_CONVENOR, PROG_CONVENOR_EMAIL) VALUES ('DIPCOMP', 'Diploma of Computing', 1.0, 0, 0, 48, 'Patrick Tran', 'patrick.tran@anucollege.edu.au');
INSERT INTO TAB_PROGRAMS (PROG_CODE, PROG_TITLE, PROG_LENGTH, PROG_CAREER, PROG_DELIVERY, PROG_MIN_UNITS, PROG_CONVENOR, PROG_CONVENOR_EMAIL) VALUES ('BADAN', 'Bachelor of Applied Data Analytics', 3.0, 0, 0, 144, 'Tom Gedeon', 'tom@cs.anu.edu.au');
INSERT INTO TAB_PROGRAMS (PROG_CODE, PROG_TITLE, PROG_LENGTH, PROG_CAREER, PROG_DELIVERY, PROG_MIN_UNITS, PROG_CONVENOR, PROG_CONVENOR_EMAIL) VALUES ('HADAN', 'Bachelor of Applied Data Analytics (Honours)', 3.0, 0, 0, 144, 'Tom Gedeon', 'tom@cs.anu.edu.au');
INSERT INTO TAB_PROGRAMS (PROG_CODE, PROG_TITLE, PROG_LENGTH, PROG_CAREER, PROG_DELIVERY, PROG_MIN_UNITS, PROG_CONVENOR, PROG_CONVENOR_EMAIL) VALUES ('BSENG(H)', 'Bachelor of Software Engineering (Honours)', 4.0, 0, 0, 192, 'Shayne Flint', 'shayne.flint@anu.edu.au');
INSERT INTO TAB_PROGRAMS (PROG_CODE, PROG_TITLE, PROG_LENGTH, PROG_CAREER, PROG_DELIVERY, PROG_MIN_UNITS, PROG_CONVENOR, PROG_CONVENOR_EMAIL) VALUES ('BE(HONS)', 'Bachelor of Engineering (Honours)', 4.0, 0, 0, 192, 'Shayne Flint', 'shayne.flint@anu.edu.au');

-----------------------------
-- Populating TAB_SPEC_MAJOR
-----------------------------
INSERT INTO TAB_SPEC_MAJOR (SPEC_PROG_CODE, SPEC_MAJOR_TYPE, SPEC_MAJOR_TITLE, SPEC_MIN_UNITS) VALUES ('MCOMP', 2, 'Artificial Intelligence', 24);
INSERT INTO TAB_SPEC_MAJOR (SPEC_PROG_CODE, SPEC_MAJOR_TYPE, SPEC_MAJOR_TITLE, SPEC_MIN_UNITS) VALUES ('MCOMP', 2, 'Computational Foundations', 24);
INSERT INTO TAB_SPEC_MAJOR (SPEC_PROG_CODE, SPEC_MAJOR_TYPE, SPEC_MAJOR_TITLE, SPEC_MIN_UNITS) VALUES ('MCOMP', 2, 'Information and Human Centred Computing', 24);
INSERT INTO TAB_SPEC_MAJOR (SPEC_PROG_CODE, SPEC_MAJOR_TYPE, SPEC_MAJOR_TITLE, SPEC_MIN_UNITS) VALUES ('MCOMP', 2, 'Software Engineering', 24);
INSERT INTO TAB_SPEC_MAJOR (SPEC_PROG_CODE, SPEC_MAJOR_TYPE, SPEC_MAJOR_TITLE, SPEC_MIN_UNITS) VALUES ('MCOMP', 2, 'Computer Systems', 24);
INSERT INTO TAB_SPEC_MAJOR (SPEC_PROG_CODE, SPEC_MAJOR_TYPE, SPEC_MAJOR_TITLE, SPEC_MIN_UNITS) VALUES ('BIT', 1, 'IT in New Media', 24);
INSERT INTO TAB_SPEC_MAJOR (SPEC_PROG_CODE, SPEC_MAJOR_TYPE, SPEC_MAJOR_TITLE, SPEC_MIN_UNITS) VALUES ('BIT', 2, 'Artificial Intelligence', 24);
INSERT INTO TAB_SPEC_MAJOR (SPEC_PROG_CODE, SPEC_MAJOR_TYPE, SPEC_MAJOR_TITLE, SPEC_MIN_UNITS) VALUES ('BIT', 0, 'Data Science', 48);
INSERT INTO TAB_SPEC_MAJOR (SPEC_PROG_CODE, SPEC_MAJOR_TYPE, SPEC_MAJOR_TITLE, SPEC_MIN_UNITS) VALUES ('BE(HONS)', 0, 'Biomedical Systems', 48);
INSERT INTO TAB_SPEC_MAJOR (SPEC_PROG_CODE, SPEC_MAJOR_TYPE, SPEC_MAJOR_TITLE, SPEC_MIN_UNITS) VALUES ('BE(HONS)', 0, 'Mechatronic Systems', 48);
INSERT INTO TAB_SPEC_MAJOR (SPEC_PROG_CODE, SPEC_MAJOR_TYPE, SPEC_MAJOR_TITLE, SPEC_MIN_UNITS) VALUES ('BE(HONS)', 0, 'Photonic Systems', 48);
INSERT INTO TAB_SPEC_MAJOR (SPEC_PROG_CODE, SPEC_MAJOR_TYPE, SPEC_MAJOR_TITLE, SPEC_MIN_UNITS) VALUES ('MCOMP', 3, 'Degree Requirements', 48);
INSERT INTO TAB_SPEC_MAJOR (SPEC_PROG_CODE, SPEC_MAJOR_TYPE, SPEC_MAJOR_TITLE, SPEC_MIN_UNITS) VALUES ('BIT', 3, 'Degree Requirements', 48);
INSERT INTO TAB_SPEC_MAJOR (SPEC_MAJOR_ID, SPEC_PROG_CODE, SPEC_MAJOR_TYPE, SPEC_MAJOR_TITLE, SPEC_MIN_UNITS) VALUES (0, 'MCOMP', 0, 'None', 0);
---------------------------
-- Populating TAB_COURSES
---------------------------
INSERT INTO TAB_COURSES (COURSE_CODE, COURSE_TITLE, COURSE_LENGTH, COURSE_UNITS, COURSE_COLLEGE, COURSE_CONVENOR, COURSE_CONVENOR_EMAIL) VALUES ('COMP4650', 'Document Analysis', 1, 6, 4, 1, 'Marian-Andrei Rizoiu', 'marian-andrei.rizoiu@anu.edu.au');
INSERT INTO TAB_COURSES (COURSE_CODE, COURSE_TITLE, COURSE_LENGTH, COURSE_UNITS, COURSE_COLLEGE, COURSE_CONVENOR, COURSE_CONVENOR_EMAIL) VALUES ('COMP6490', 'Document Analysis', 1, 6, 4, 7, 'Marian-Andrei Rizoiu', 'marian-andrei.rizoiu@anu.edu.au');
INSERT INTO TAB_COURSES (COURSE_CODE, COURSE_TITLE, COURSE_LENGTH, COURSE_UNITS, COURSE_COLLEGE, COURSE_CONVENOR, COURSE_CONVENOR_EMAIL) VALUES ('COMP6240', 'Relational Database', 1, 6, 4, 12, 'Yu Lin', 'yu.lin@anu.edu.au');
INSERT INTO TAB_COURSES (COURSE_CODE, COURSE_TITLE, COURSE_LENGTH, COURSE_UNITS, COURSE_COLLEGE, COURSE_CONVENOR, COURSE_CONVENOR_EMAIL) VALUES ('COMP2400', 'Relational Database', 1, 6, 4, 0, 'Yu Lin', 'yu.lin@anu.edu.au');
INSERT INTO TAB_COURSES (COURSE_CODE, COURSE_TITLE, COURSE_LENGTH, COURSE_UNITS, COURSE_COLLEGE, COURSE_CONVENOR, COURSE_CONVENOR_EMAIL) VALUES ('COMP8715', 'Computing Project', 2, 12, 4, 12, 'Shayne Flint', 'shayne.flint@anu.edu.au');
INSERT INTO TAB_COURSES (COURSE_CODE, COURSE_TITLE, COURSE_LENGTH, COURSE_UNITS, COURSE_COLLEGE, COURSE_CONVENOR, COURSE_CONVENOR_EMAIL) VALUES ('COMP6442', 'Software Design Methodologies', 1, 6, 4, 0, 'Eric McCreath', 'eric.mccreath@anu.edu.au');
INSERT INTO TAB_COURSES (COURSE_CODE, COURSE_TITLE, COURSE_LENGTH, COURSE_UNITS, COURSE_COLLEGE, COURSE_CONVENOR, COURSE_CONVENOR_EMAIL) VALUES ('COMP2100', 'Software Design Methodologies', 1, 6, 4, 0, 'Eric McCreath', 'eric.mccreath@anu.edu.au');
INSERT INTO TAB_COURSES (COURSE_CODE, COURSE_TITLE, COURSE_LENGTH, COURSE_UNITS, COURSE_COLLEGE, COURSE_CONVENOR, COURSE_CONVENOR_EMAIL) VALUES ('COMP1600', 'Foundations of Computing', 1, 6, 4, 0, 'Rajeev Gore', 'rajeev.gore@anu.edu.au');


----------------------------------
-- Populating TAB_COURSE_OFFERING
----------------------------------
INSERT INTO TAB_COURSE_OFFERING (COURSE_CODE, COURSE_OFFERED_IN) VALUES ('COMP6442', '2017-02-19');
INSERT INTO TAB_COURSE_OFFERING (COURSE_CODE, COURSE_OFFERED_IN) VALUES ('COMP2100', '2017-02-19');
INSERT INTO TAB_COURSE_OFFERING (COURSE_CODE, COURSE_OFFERED_IN) VALUES ('COMP8715', '2017-02-19');
INSERT INTO TAB_COURSE_OFFERING (COURSE_CODE, COURSE_OFFERED_IN) VALUES ('COMP8715', '2017-07-20');

-----------------------------------
-- Populating TAB_COURSE_SPEC_MAJOR
-----------------------------------
INSERT INTO TAB_COURSE_SPEC_MAJOR (CSM_COURSE_CODE, CSM_SPEC_MAJOR_ID) VALUES ('COMP4650', 1);
INSERT INTO TAB_COURSE_SPEC_MAJOR (CSM_COURSE_CODE, CSM_SPEC_MAJOR_ID) VALUES ('COMP6490', 7);
INSERT INTO TAB_COURSE_SPEC_MAJOR (CSM_COURSE_CODE, CSM_SPEC_MAJOR_ID) VALUES ('COMP6240', 12);
INSERT INTO TAB_COURSE_SPEC_MAJOR (CSM_COURSE_CODE, CSM_SPEC_MAJOR_ID) VALUES ('COMP2400', 0);
